ID,Eşya Adı,Kategori,Slot,Görsel URL
cmm8e91oe00j0jgq9kf17tewv,"Bahamut Armor - DEF",WINGS,12,"https://kobugda.com/assets/items/Wings/Bahamut%20Armor%20-%20DEF.png"
cmm8e91se00l9jgq9sw4gpxp1,"Bahamut Armor - DEF+DMG",WINGS,12,"https://kobugda.com/assets/items/Wings/Bahamut%20Armor%20-%20DEFDMG.png"
cmm8e91om00j4jgq9rpopv1pd,"Bahamut Armor - EXP",WINGS,12,"https://kobugda.com/assets/items/Wings/Bahamut%20Armor%20-%20EXP.png"
cmm8e90xy003tjgq9ddr6b7s7,"Bahamut Armor - HP",WINGS,12,"https://kobugda.com/assets/items/Wings/Bahamut%20Armor%20-%20HP.png"
cmm8e91s400l3jgq9i3x25y5v,"Bahamut Armor - HP+DMG",WINGS,12,"https://kobugda.com/assets/items/Wings/Bahamut%20Armor%20-%20HPDMG.png"
cmm8e91oi00j2jgq9d7xnfzhh,"Bahamut Armor - NOAH",WINGS,12,"https://kobugda.com/assets/items/Wings/Bahamut%20Armor%20-%20NOAH.png"
cmm8e91oc00izjgq9pf5wl51b,"Bahamut Helmet - DEF",WINGS,11,"https://kobugda.com/assets/items/Wings/Bahamut%20Helmet%20-%20DEF.png"
cmm8e91sc00l8jgq9exr7b9iy,"Bahamut Helmet - DEF+DMG",WINGS,11,"https://kobugda.com/assets/items/Wings/Bahamut%20Helmet%20-%20DEFDMG.png"
cmm8e91ok00j3jgq9x1mgjpxd,"Bahamut Helmet - EXP",WINGS,11,"https://kobugda.com/assets/items/Wings/Bahamut%20Helmet%20-%20EXP.png"
cmm8e90xs003qjgq9x4zcpbjv,"Bahamut Helmet - HP",WINGS,11,"https://kobugda.com/assets/items/Wings/Bahamut%20Helmet%20-%20HP.png"
cmm8e91s300l2jgq9cdq3t047,"Bahamut Helmet - HP+DMG",WINGS,11,"https://kobugda.com/assets/items/Wings/Bahamut%20Helmet%20-%20HPDMG.png"
cmm8e91og00j1jgq90ipe0qt4,"Bahamut Helmet - NOAH",WINGS,11,"https://kobugda.com/assets/items/Wings/Bahamut%20Helmet%20-%20NOAH.png"
cmm8e91oq00j6jgq9cb7q12bf,"Gryphon Armor - DEF",WINGS,12,"https://kobugda.com/assets/items/Wings/Gryphon%20Armor%20-%20DEF.png"
cmm8e91sh00lbjgq90ti7yswp,"Gryphon Armor - DEF+DMG",WINGS,12,"https://kobugda.com/assets/items/Wings/Gryphon%20Armor%20-%20DEFDMG.png"
cmm8e91ox00jajgq9a28yfrrr,"Gryphon Armor - EXP",WINGS,12,"https://kobugda.com/assets/items/Wings/Gryphon%20Armor%20-%20EXP.png"
cmm8e90xz003ujgq9j9zd0i9g,"Gryphon Armor - HP",WINGS,12,"https://kobugda.com/assets/items/Wings/Gryphon%20Armor%20-%20HP.png"
cmm8e91s800l5jgq982qkqkv5,"Gryphon Armor - HP+DMG",WINGS,12,"https://kobugda.com/assets/items/Wings/Gryphon%20Armor%20-%20HPDMG.png"
cmm8e91ot00j8jgq98f04h7p7,"Gryphon Armor - NOAH",WINGS,12,"https://kobugda.com/assets/items/Wings/Gryphon%20Armor%20-%20NOAH.png"
cmm8e91oo00j5jgq9bo91mz9e,"Gryphon Helmet - DEF",WINGS,11,"https://kobugda.com/assets/items/Wings/Gryphon%20Helmet%20-%20DEF.png"
cmm8e91sg00lajgq9eckz9t5u,"Gryphon Helmet - DEF+DMG",WINGS,11,"https://kobugda.com/assets/items/Wings/Gryphon%20Helmet%20-%20DEFDMG.png"
cmm8e91ov00j9jgq9bv7du25c,"Gryphon Helmet - EXP",WINGS,11,"https://kobugda.com/assets/items/Wings/Gryphon%20Helmet%20-%20EXP.png"
cmm8e90xu003rjgq9wwqzxnz7,"Gryphon Helmet - HP",WINGS,11,"https://kobugda.com/assets/items/Wings/Gryphon%20Helmet%20-%20HP.png"
cmm8e91s600l4jgq9mu3s8e4x,"Gryphon Helmet - HP+DMG",WINGS,11,"https://kobugda.com/assets/items/Wings/Gryphon%20Helmet%20-%20HPDMG.png"
cmm8e91or00j7jgq9ohyx0vq1,"Gryphon Helmet - NOAH",WINGS,11,"https://kobugda.com/assets/items/Wings/Gryphon%20Helmet%20-%20NOAH.png"
cmm8e91p100jcjgq9f9124qx3,"Valkyrie Armor - DEF",WINGS,12,"https://kobugda.com/assets/items/Wings/Valkyrie%20Armor%20-%20DEF.png"
cmm8e91sl00ldjgq9plurxj3i,"Valkyrie Armor - DEF+DMG",WINGS,12,"https://kobugda.com/assets/items/Wings/Valkyrie%20Armor%20-%20DEFDMG.png"
cmm8e91p900jgjgq9ezu7xmb5,"Valkyrie Armor - EXP",WINGS,12,"https://kobugda.com/assets/items/Wings/Valkyrie%20Armor%20-%20EXP.png"
cmm8e90xw003sjgq98dmq0l45,"Valkyrie Armor - HP",WINGS,12,"https://kobugda.com/assets/items/Wings/Valkyrie%20Armor%20-%20HP.png"
cmm8e91sa00l7jgq9m34v2c6z,"Valkyrie Armor - HP+DMG",WINGS,12,"https://kobugda.com/assets/items/Wings/Valkyrie%20Armor%20-%20HPDMG.png"
cmm8e91p500jejgq9530r6mm5,"Valkyrie Armor - NOAH",WINGS,12,"https://kobugda.com/assets/items/Wings/Valkyrie%20Armor%20-%20NOAH.png"
cmm8e91oz00jbjgq9667icft1,"Valkyrie Helmet - DEF",WINGS,11,"https://kobugda.com/assets/items/Wings/Valkyrie%20Helmet%20-%20DEF.png"
cmm8e91sj00lcjgq9v5c3nuu5,"Valkyrie Helmet - DEF+DMG",WINGS,11,"https://kobugda.com/assets/items/Wings/Valkyrie%20Helmet%20-%20DEFDMG.png"
cmm8e91p700jfjgq95fhbbzgn,"Valkyrie Helmet - EXP",WINGS,11,"https://kobugda.com/assets/items/Wings/Valkyrie%20Helmet%20-%20EXP.png"
cmm8e90xq003pjgq9klorvioa,"Valkyrie Helmet - HP",WINGS,11,"https://kobugda.com/assets/items/Wings/Valkyrie%20Helmet%20-%20HP.png"
cmm8e91s900l6jgq9zyo2l23l,"Valkyrie Helmet - HP+DMG",WINGS,11,"https://kobugda.com/assets/items/Wings/Valkyrie%20Helmet%20-%20HPDMG.png"
cmm8e91p300jdjgq9sxsgu4zc,"Valkyrie Helmet - NOAH",WINGS,11,"https://kobugda.com/assets/items/Wings/Valkyrie%20Helmet%20-%20NOAH.png"
